ID,Region/Province,Municipality/City,2009,2012,2015
,National Capital Region (NCR),,,,
133901,1st district,Tondo,2.9,3.1,5.6
133902,,Binondo,1.0,1.5,3.5
133903,,Quiapo,2.1,2.1,7.1
133904,,San Nicolas,2.4,3.0,6.7
133905,,Santa Cruz,1.7,1.5,4.7
133906,,Sampaloc,1.3,0.8,2.7
133907,,San Miguel,1.4,1.2,7.2
133908,,Ermita,1.5,0.9,5.3
133909,,Intramuros,2.5,2.5,10.2
133910,,Malate,1.8,1.3,4.2
133911,,Paco,1.8,0.9,3.2
133912,,Pandacan,1.9,1.6,3.6
133913,,Port Area,11.9,10.0,12.2
133914,,Santa Ana,2.2,1.3,3.8
137401,2nd district,Mandaluyong  City,1.8,1.3,2.4
137402,,Marikina  City,2.2,1.4,2.6
137403,,Pasig City,2.2,1.8,2.5
137404,,Quezon City,2.4,1.6,3.3
137405,,San Juan City,1.5,0.3,2.4
137501,3rd district,Caloocan City,3.1,2.8,4.4
137502,,Malabon City,4.0,3.8,4.5
137503,,Navotas City,3.8,6.0,5.5
137504,,Valenzuela  City,3.7,2.3,3.6
137601,4th district,Las Piñas  City,2.8,1.4,2.9
137602,,Makati  City,1.4,0.5,1.9
137603,,Muntinlupa  City,2.4,1.9,2.9
137604,,Parañaque  City,2.0,1.1,2.7
137605,,Pasay City,1.7,1.9,3.0
137606,,Pateros,3.0,2.4,2.5
137607,,Taguig City,2.7,2.4,3.1
,Cordillera Administrative Region (CAR),,,,
140101,Abra,Bangued,16.8,10.9,10.3
140102,,Boliney,50.6,66.0,18.8
140103,,Bucay,36.2,37.6,15.8
140104,,Bucloc,77.2,42.1,21.0
140105,,Daguioman,32.2,37.0,30.3
140106,,Danglas,32.0,32.7,21.4
140107,,Dolores,33.5,23.6,16.3
140108,,La Paz,36.0,28.1,19.3
140109,,Lacub,67.2,57.8,27.1
140110,,Lagangilang,27.5,28.5,22.4
140111,,Lagayan,41.4,42.2,27.2
140112,,Langiden,46.0,40.8,17.4
140113,,Licuan-Baay (Licuan),46.7,45.9,27.7
140114,,Luba,36.2,44.8,18.4
140115,,Malibcong,55.6,51.5,44.5
140116,,Manabo,34.9,30.8,15.7
140117,,Peñarrubia,35.7,31.0,18.3
140118,,Pidigan,25.9,23.1,14.8
140119,,Pilar,42.8,38.4,18.3
140120,,Sallapadan,62.0,43.2,15.3
140121,,San Isidro,42.3,42.3,17.2
140122,,San Juan,33.7,22.0,16.8
140123,,San Quintin,28.7,22.5,11.6
140124,,Tayum,23.7,23.4,15.5
140125,,Tineg,43.2,78.3,35.8
140126,,Tubo,56.4,51.7,30.5
140127,,Villaviciosa,49.1,39.2,14.3
141101,Benguet,Atok,39.7,16.6,11.5
141102,,Baguio City,2.4,0.9,2.5
141103,,Bakun,53.7,26.5,10.0
141104,,Bokod,21.5,9.2,9.2
141105,,Buguias,42.0,13.1,5.8
141106,,Itogon,8.9,4.8,6.3
141107,,Kabayan,58.6,15.7,10.4
141108,,Kapangan,37.7,17.7,13.5
141109,,Kibungan,67.9,26.1,18.5
141110,,La Trinidad,5.4,1.7,2.1
141111,,Mankayan,16.5,6.2,9.3
141112,,Sablan,19.3,9.2,6.8
141113,,Tuba,14.2,4.6,6.8
141114,,Tublay,30.4,11.7,9.7
142701,Ifugao,Banaue,20.9,30.8,37.7
142702,,Hungduan,29.9,40.6,27.0
142703,,Kiangan,22.9,25.3,24.2
142704,,Lagawe,19.9,17.6,19.7
142705,,Lamut,18.2,17.2,21.2
142706,,Mayoyao,34.1,34.3,29.6
142707,,Alfonso Lista (Potia),37.1,21.5,20.8
142708,,Aguinaldo,33.2,53.6,31.4
142709,,Hingyon,25.2,29.9,32.4
142710,,Tinoc,49.6,53.5,34.5
142711,,Asipulo,47.5,55.3,44.9
143201,Kalinga,Balbalan,30.1,33.9,26.4
143206,,Lubuagan,24.8,26.1,26.6
143208,,Pasil,26.5,41.2,27.7
143209,,Pinukpuk,29.9,31.9,30.4
143211,,Rizal (Liwan),25.3,9.1,15.3
143213,,Tabuk City,17.3,8.8,17.7
143214,,Tanudan,30.7,40.7,38.6
143215,,Tinglayan,34.1,26.4,30.5
144401,Mountain Province,Barlig,27.4,16.7,18.0
144402,,Bauko,34.4,21.1,24.5
144403,,Besao,26.9,16.3,23.2
144404,,Bontoc,16.7,10.9,15.4
144405,,Natonin,37.4,39.7,35.7
144406,,Paracelis,46.7,40.6,30.6
144407,,Sabangan,26.0,10.9,19.1
144408,,Sadanga,39.0,42.7,37.4
144409,,Sagada,35.4,10.2,25.4
144410,,Tadian,36.2,21.6,31.6
148101,Apayao,Calanasan (Bayag),32.9,62.6,27.1
148102,,Conner,30.3,56.3,21.6
148103,,Flora,26.2,35.7,17.8
148104,,Kabugao,40.6,63.9,24.9
148105,,Luna,28.8,33.4,17.4
148106,,Pudtol,29.8,41.1,26.4
148107,,Santa Marcela,23.8,32.6,16.4
,Region I (Ilocos Region),,,,
12801,Ilocos Norte,Adams,29.4,17.1,16.5
12802,,Bacarra,13.2,4.5,7.5
12803,,Badoc,19.6,17.5,10.7
12804,,Bangui,12.6,10.6,8.5
12805,,Batac City,15.3,10.9,7.8
12806,,Burgos,16.8,13.6,8.4
12807,,Carasi,22.6,16.1,20.3
12808,,Currimao,15.2,7.0,9.3
12809,,Dingras,16.3,15.6,11.7
12810,,Dumalneg,21.6,25.7,12.1
12811,,Banna,17.8,21.3,12.8
12812,,Laoag City,9.9,3.8,6.6
12813,,Marcos,18.7,23.7,9.8
12814,,Nueva Era,24.9,25.2,14.6
12815,,Pagudpud,20.2,17.8,9.5
12816,,Paoay,14.9,6.8,8.4
12817,,Pasuquin,14.1,10.4,10.6
12818,,Piddig,16.3,13.6,11.4
12819,,Pinili,17.6,23.7,12.4
12820,,San Nicolas,12.3,6.2,7.7
12821,,Sarrat,14.0,9.0,8.5
12822,,Solsona,15.0,13.7,10.5
12823,,Vintar,16.8,15.3,8.5
12901,Ilocos Sur,Alilem,27.4,33.4,18.5
12902,,Banayoyo,20.9,23.1,12.0
12903,,Bantay,16.4,15.7,11.2
12904,,Burgos,26.5,31.6,13.1
12905,,Cabugao,20.7,22.5,15.0
12906,,Candon City,17.8,14.1,10.4
12907,,Caoayan,14.4,15.2,10.7
12908,,Cervantes,24.5,33.1,19.6
12909,,Galimuyod,20.6,26.9,13.0
12910,,Gregorio del Pilar,26.1,26.6,19.3
12911,,Lidlidda,17.3,34.4,11.1
12912,,Magsingal,18.1,21.8,10.9
12913,,Nagbukel,28.4,30.3,16.9
12914,,Narvacan,17.7,11.0,13.2
12915,,Quirino,27.2,35.2,20.4
12916,,Salcedo,22.7,26.8,15.1
12917,,San Emilio,23.7,24.4,18.8
12918,,San Esteban,15.7,18.6,10.9
12919,,San Ildefonso,15.4,10.4,10.2
12920,,San Juan,18.0,17.0,11.7
12921,,San Vicente,12.9,14.1,9.6
12922,,Santa,13.6,12.6,11.2
12923,,Santa Catalina,11.7,16.7,13.3
12924,,Santa Cruz,24.0,21.2,14.7
12925,,Santa Lucia,25.1,21.9,14.4
12926,,Santa Maria,16.9,18.5,11.3
12927,,Santiago,20.9,24.7,13.0
12928,,Santo Domingo,16.4,21.1,11.3
12929,,Sigay,27.2,22.9,21.4
12930,,Sinait,18.7,20.0,12.2
12931,,Sugpon,35.4,42.4,26.6
12932,,Suyo,24.4,24.7,14.6
12933,,Tagudin,20.6,22.6,13.5
12934,,Vigan City,12.4,7.1,8.7
13301,La Union,Agoo,21.3,8.5,6.7
13302,,Aringay,26.0,11.7,8.6
13303,,Bacnotan,21.1,9.0,5.3
13304,,Bagulin,35.1,27.6,13.0
13305,,Balaoan,26.6,12.1,6.5
13306,,Bangar,27.9,14.9,8.0
13307,,Bauang,20.3,6.0,5.7
13308,,Burgos,26.2,16.7,10.1
13309,,Caba,25.2,8.5,7.3
13310,,Luna,24.7,12.1,6.0
13311,,Naguilian,21.9,5.1,5.9
13312,,Pugo,27.4,7.5,5.8
13313,,Rosario,24.8,8.2,6.4
13314,,San Fernando City,15.0,3.8,3.8
13315,,San Gabriel,29.7,15.0,15.1
13316,,San Juan,22.7,7.1,5.5
13317,,Santo Tomas,22.7,12.3,7.5
13318,,Santol,32.7,20.6,12.6
13319,,Sudipen,25.8,14.7,9.7
13320,,Tubao,26.2,17.0,8.6
15501,Pangasinan,Agno,28.4,11.3,16.6
15502,,Aguilar,26.0,15.0,16.6
15503,,Alaminos City,19.9,8.6,12.4
15504,,Alcala,20.3,13.6,12.4
15505,,Anda,25.9,8.9,11.5
15506,,Asingan,20.4,10.6,9.4
15507,,Balungao,21.4,12.2,11.0
15508,,Bani,21.0,17.6,11.8
15509,,Basista,24.6,11.6,17.6
15510,,Bautista,23.4,10.0,14.1
15511,,Bayambang,24.2,19.5,13.9
15512,,Binalonan,14.8,7.8,8.8
15513,,Binmaley,17.5,7.5,9.2
15514,,Bolinao,28.7,12.5,16.9
15515,,Bugallon,24.8,15.2,14.7
15516,,Burgos,28.7,9.5,13.7
15517,,Calasiao,17.2,9.9,8.7
15518,,Dagupan City,13.9,6.0,9.2
15519,,Dasol,25.3,17.6,12.8
15520,,Infanta,24.0,9.5,14.2
15521,,Labrador,18.6,8.7,11.0
15522,,Lingayen,18.3,9.4,10.6
15523,,Mabini,21.5,12.1,14.9
15524,,Malasiqui,24.5,19.1,12.3
15525,,Manaoag,22.3,8.9,11.6
15526,,Mangaldan,17.8,12.5,11.5
15527,,Mangatarem,25.5,10.6,14.7
15528,,Mapandan,21.3,12.9,11.4
15529,,Natividad,21.5,11.9,11.7
15530,,Pozorrubio,20.0,15.4,10.2
15531,,Rosales,17.9,8.8,13.3
15532,,San Carlos City,26.4,16.0,12.3
15533,,San Fabian,22.1,11.7,10.1
15534,,San Jacinto,21.1,13.6,11.5
15535,,San Manuel,21.3,9.1,12.4
15536,,San Nicolas,18.9,13.9,13.1
15537,,San Quintin,20.5,11.8,12.6
15538,,Santa Barbara,20.4,12.3,11.7
15539,,Santa Maria,18.3,16.6,11.8
15540,,Santo Tomas,17.5,13.0,12.2
15541,,Sison,18.9,7.9,10.0
15542,,Sual,26.7,11.8,13.5
15543,,Tayug,16.4,6.7,11.3
15544,,Umingan,22.9,21.6,12.5
15545,,Urbiztondo,31.7,13.0,18.9
15546,,Urdaneta City,14.4,6.8,9.8
15547,,Villasis,17.0,14.4,10.2
15548,,Laoac,21.0,14.2,10.7
,Region II (Cagayan Valley),,,,
20901,Batanes,Basco,5.1,16.9,14.4
20902,,Itbayat,12.6,34.1,26.4
20903,,Ivana,8.9,16.4,18.3
20904,,Mahatao,8.9,21.4,18.0
20905,,Sabtang,11.4,30.7,24.2
20906,,Uyugan,8.1,18.1,19.5
21501,Cagayan,Abulug,21.6,20.9,14.4
21502,,Alcala,21.8,18.9,13.6
21503,,Allacapan,21.2,18.0,12.3
21504,,Amulung,27.9,25.2,17.5
21505,,Aparri,15.4,21.9,15.4
21506,,Baggao,22.6,22.0,13.4
21507,,Ballesteros,22.7,17.9,12.5
21508,,Buguey,22.4,18.6,15.8
21509,,Calayan,27.7,47.4,22.7
21510,,Camalaniugan,16.9,17.1,11.9
21511,,Claveria,15.1,14.6,9.4
21512,,Enrile,19.8,19.7,12.6
21513,,Gattaran,19.2,16.7,14.8
21514,,Gonzaga,16.6,13.4,13.1
21515,,Iguig,19.5,14.3,12.5
21516,,Lal-lo,16.7,15.5,11.1
21517,,Lasam,18.2,13.6,12.2
21518,,Pamplona,20.7,26.7,15.0
21519,,Peñablanca,18.2,20.1,12.6
21520,,Piat,22.5,15.6,14.4
21521,,Rizal,26.1,18.8,22.6
21522,,Sanchez-Mira,13.4,17.2,9.9
21523,,Santa Ana,16.3,20.6,12.5
21524,,Santa Praxedes,17.2,17.5,9.8
21525,,Santa Teresita,18.6,16.2,12.6
21526,,Santo Niño,26.3,22.1,19.7
21527,,Solana,22.5,22.7,11.9
21528,,Tuao,22.7,17.9,15.5
21529,,Tuguegarao City,8.5,9.3,6.0
23101,Isabela,Alicia,17.2,15.2,12.4
23102,,Angadanan,18.9,17.6,18.3
23103,,Aurora,16.4,13.1,10.8
23104,,Benito Soliven,25.4,23.6,21.7
23105,,Burgos,18.2,14.0,14.0
23106,,Cabagan,16.6,19.3,17.2
23107,,Cabatuan,12.7,14.2,11.6
23108,,Cauayan City,15.9,17.3,12.8
23109,,Cordon,16.3,18.6,13.7
23110,,Dinapigue,13.8,25.8,14.7
23111,,Divilican,23.6,45.7,26.2
23112,,Echague,15.2,17.5,15.8
23113,,Gamu,14.8,16.2,13.3
23114,,Ilagan City,15.3,17.9,13.3
23115,,Jones,15.5,12.6,14.7
23116,,Luna,13.8,10.4,8.7
23117,,Maconacon,9.9,29.3,20.9
23118,,Delfin Albano,19.9,16.3,13.6
23119,,Mallig,23.8,18.7,13.3
23120,,Naguilian,18.7,19.2,15.2
23121,,Palanan,19.8,48.6,27.2
23122,,Quezon,23.8,24.2,18.0
23123,,Quirino,20.4,15.9,10.8
23124,,Ramon,16.3,18.1,13.4
23125,,Reina Mercedes,14.0,16.2,12.1
23126,,Roxas,15.8,15.6,13.5
23127,,San Agustin,11.8,14.6,13.6
23128,,San Guillermo,21.6,27.6,23.5
23129,,San Isidro,17.3,14.6,11.7
23130,,San Manuel,20.5,16.2,13.5
23131,,San Mariano,24.2,30.6,25.3
23132,,San Mateo,14.6,12.7,9.9
23133,,San Pablo,19.7,24.4,20.7
23134,,Santa Maria,24.4,31.3,24.8
23135,,Santiago City,10.8,15.0,12.8
23136,,Santo Tomas,18.5,23.4,21.2
23137,,Tumauini,19.8,20.3,18.1
25001,Nueva Vizcaya,Ambaguio,15.5,38.9,23.9
25002,,Aritao,16.2,11.9,16.5
25003,,Bagabag,13.4,9.8,8.7
25004,,Bambang,11.3,10.3,8.4
25005,,Bayombong,8.6,8.7,6.3
25006,,Diadi,17.6,16.5,15.0
25007,,Dupax del Norte,11.4,14.6,12.8
25008,,Dupax del Sur,15.4,17.0,14.4
25009,,Kasibu,13.6,22.8,17.8
25010,,Kayapa,16.1,32.9,21.1
25011,,Quezon,16.6,21.0,13.3
25012,,Santa Fe,11.4,23.7,15.1
25013,,Solano,10.1,9.5,6.6
25014,,Villaverde,11.1,9.6,9.8
25015,,Alfonso Castaneda,14.0,33.5,19.7
25701,Quirino,Aglipay,16.3,18.2,14.1
25702,,Cobarronguis,11.8,15.2,10.8
25703,,Diffun,17.5,15.8,13.4
25704,,Maddela,14.4,13.7,11.0
25705,,Saguday,18.8,12.6,10.1
25706,,Nagtipunan,15.4,26.2,19.6
,Region III (Central Luzon),,,,
30801,Bataan,Abucay,7.0,4.0,14.5
30802,,Bagac,19.7,9.4,11.2
30803,,Balanga City,5.9,4.3,9.5
30804,,Dinalupihan,11.7,5.7,13.8
30805,,Hermosa,12.6,10.7,14.1
30806,,Limay,7.4,5.8,10.8
30807,,Mariveles,7.2,2.6,10.5
30808,,Morong,20.8,12.7,15.0
30809,,Orani,10.4,7.4,10.6
30810,,Orion,9.5,9.8,14.5
30811,,Pilar,8.9,7.7,12.6
30812,,Samal,12.0,4.6,13.1
31401,Bulacan,Angat,7.8,7.2,7.6
31402,,Balagtas,5.5,4.2,6.9
31403,,Baliuag,5.7,5.4,5.4
31404,,Bocaue,3.4,4.2,7.7
31405,,Bulacan,3.6,5.7,6.2
31406,,Bustos,8.1,5.9,5.8
31407,,Calumpit,6.4,5.2,6.3
31408,,Guiguinto,4.1,4.3,5.7
31409,,Hagonoy,8.6,8.6,6.1
31410,,Malolos City,5.2,4.1,4.6
31411,,Marilao,3.4,2.8,5.1
31412,,Meycauayan City,4.5,1.7,5.8
31413,,Norzagaray,10.0,6.7,8.6
31414,,Obando,6.8,4.1,5.2
31415,,Pandi,7.6,6.9,8.8
31416,,Paombong,7.1,10.4,8.3
31417,,Plaridel,5.0,6.0,6.0
31418,,Pulilan,6.9,4.8,7.4
31419,,San Idelfonso,12.3,11.9,9.2
31420,,San Jose Del Monte City,5.8,5.1,7.0
31421,,San Miguel,11.8,12.6,10.5
31422,,San Rafael,8.3,7.3,7.0
31423,,Santa Maria,5.0,4.1,6.2
31424,,Doña Remedios Trinidad,35.2,24.6,18.9
34901,Nueva Ecija,Aliaga,25.4,19.0,16.4
34902,,Bongabon,21.7,16.5,14.8
34903,,Cabanatuan City,10.9,10.6,12.4
34904,,Cabiao,15.2,15.2,14.8
34905,,Carranglan,32.3,28.8,17.5
34906,,Cuyapo,27.2,21.3,21.4
34907,,Gabaldon,29.2,24.1,17.8
34908,,Gapan City,14.0,12.5,14.6
34909,,General Mamerto Natividad,26.8,18.1,16.7
34910,,General Tinio,15.7,15.4,14.9
34911,,Guimba,25.2,20.7,18.9
34912,,Jaen,19.0,17.7,17.0
34913,,Laur,31.2,25.4,21.0
34914,,Licab,25.5,16.3,18.6
34915,,Llanera,25.7,18.0,13.0
34916,,Lupao,26.4,18.9,20.4
34917,,Muñoz City,21.4,15.1,14.1
34918,,Nampicuan,25.8,16.3,19.1
34919,,Palayan City,16.0,16.9,14.5
34920,,Pantabangan,21.8,19.5,24.9
34921,,Peñaranda,11.3,15.0,13.7
34922,,Quezon,26.7,24.1,18.0
34923,,Rizal,19.3,18.2,15.2
34924,,San Antonio,17.2,18.1,14.8
34925,,San Isidro,11.8,12.6,10.2
34926,,San Jose City,19.1,14.2,13.2
34927,,San Leonardo,13.6,12.2,15.8
34928,,Santa Rosa,15.0,15.6,13.3
34929,,Santo Domingo,20.3,18.7,14.3
34930,,Talavera,18.3,17.4,13.0
34931,,Talugtug,36.0,28.5,23.9
34932,,Zaragoza,19.3,18.2,13.2
35401,Pampanga,Angeles City,5.0,1.3,6.7
35402,,Apalit,9.1,4.0,7.1
35403,,Arayat,8.7,7.3,9.5
35404,,Bacolor,6.2,4.4,9.4
35405,,Candaba,17.7,6.6,12.5
35406,,Floridablanca,13.4,6.8,13.1
35407,,Guagua,7.4,3.8,7.7
35408,,Lubao,10.6,5.4,8.9
35409,,Mabalacat City,7.2,1.9,8.0
35410,,Macabebe,9.2,4.8,11.3
35411,,Magalang,8.1,5.0,9.7
35412,,Masantol,9.1,8.1,20.0
35413,,Mexico,7.7,3.9,8.8
35414,,Minalin,9.0,6.0,8.8
35415,,Porac,11.3,7.1,11.1
35416,,San Fernando City,4.8,2.5,6.5
35417,,San Luis,16.2,6.0,9.6
35418,,San Simon,9.1,4.4,12.2
35419,,Santa Ana,11.0,6.1,8.8
35420,,Santa Rita,9.4,4.9,7.0
35421,,Santo Tomas,6.0,2.6,5.3
35422,,Sasmuan,11.5,6.7,15.9
36901,Tarlac,Anao,18.0,9.8,10.5
36902,,Bamban,10.6,4.6,12.6
36903,,Camiling,15.8,9.5,14.6
36904,,Capas,13.2,14.3,13.3
36905,,Concepcion,13.5,6.7,14.0
36906,,Gerona,17.6,10.9,12.8
36907,,La Paz,17.0,6.4,16.6
36908,,Mayantoc,28.3,12.6,18.3
36909,,Moncada,15.9,11.3,17.7
36910,,Paniqui,12.8,10.7,12.2
36911,,Pura,14.7,10.8,15.9
36912,,Ramos,16.7,13.0,15.0
36913,,San Clemente,18.2,11.8,14.2
36914,,San Manuel,17.0,10.0,16.7
36915,,Santa Ignacia,21.8,12.7,15.0
36916,,Tarlac City,8.7,8.5,10.8
36917,,Victoria,20.2,11.3,18.9
36918,,San Jose,32.1,24.0,18.3
37101,Zambales,Botolan,17.4,23.7,22.7
37102,,Cabangan,21.2,17.3,24.8
37103,,Candelaria,18.2,15.8,20.5
37104,,Castillejos,12.5,7.8,18.2
37105,,Iba,12.5,13.3,16.8
37106,,Masinloc,18.2,18.0,20.9
37107,,Olongapo City,4.5,3.1,11.6
37108,,Palauig,21.3,20.8,22.9
37109,,San Antonio,12.0,11.2,15.9
37110,,San Felipe,14.5,13.7,16.7
37111,,San Marcelino,14.8,14.1,15.2
37112,,San Narciso,10.7,11.5,13.5
37113,,Santa Cruz,18.7,18.9,23.7
37114,,Subic,11.5,11.7,18.9
37701,Aurora,Baler,9.6,10.0,9.1
37702,,Casiguran,19.7,18.4,12.7
37703,,Dilasag,19.2,13.9,12.4
37704,,Dinalungan,25.6,13.8,9.1
37705,,Dingalan,14.5,13.5,14.6
37706,,Dipaculao,17.9,14.5,12.3
37707,,Maria Aurora,13.2,10.1,10.7
37708,,San Luis,13.8,13.2,11.8
,Region IV-A (CALABARZON),,,,
41001,Batangas,Agoncillo,15.4,16.2,11.8
41002,,Alitagtag,8.6,6.5,6.0
41003,,Balayan,14.1,8.7,6.5
41004,,Balete,17.2,10.6,7.7
41005,,Batangas City,7.1,3.6,4.6
41006,,Bauan,2.7,4.3,3.3
41007,,Calaca,17.8,20.0,17.4
41008,,Calatagan,21.9,24.0,22.4
41009,,Cuenca,9.9,8.6,5.6
41010,,Ibaan,12.1,8.6,7.2
41011,,Laurel,21.8,31.3,25.7
41012,,Lemery,14.3,13.7,11.1
41013,,Lian,16.5,18.0,13.3
41014,,Lipa City,3.9,5.2,4.2
41015,,Lobo,19.1,25.9,21.5
41016,,Mabini,11.7,6.6,7.3
41017,,Malvar,6.5,6.6,4.3
41018,,Mataas Na Kahoy,9.8,4.8,3.6
41019,,Nasugbu,17.3,15.3,12.7
41020,,Padre Garcia,16.5,13.8,7.2
41021,,Rosario,16.8,14.9,11.6
41022,,San Jose,11.2,8.6,4.2
41023,,San Juan,15.4,21.2,15.4
41024,,San Luis,9.5,10.3,5.9
41025,,San Nicolas,5.3,10.6,12.1
41026,,San Pascual,5.8,3.0,2.8
41027,,Santa Teresita,9.4,6.0,6.5
41028,,Santo Tomas,8.6,5.4,4.0
41029,,Taal,4.1,7.0,5.5
41030,,Talisay,5.6,10.1,8.8
41031,,Tanauan City,4.0,5.9,4.6
41032,,Taysan,16.6,14.9,13.0
41033,,Tingloy,26.2,31.6,26.2
41034,,Tuy,18.0,19.8,12.4
42101,Cavite,Alfonso,13.8,6.0,4.8
42102,,Amadeo,6.3,1.9,3.2
42103,,Bacoor City,3.6,1.1,4.9
42104,,Carmona,3.4,3.0,3.8
42105,,Cavite City,5.5,5.4,6.9
42106,,Dasmariñas City,5.3,4.8,5.8
42107,,General Emilio Aguinaldo,13.7,7.3,9.6
42108,,General Trias City,3.5,3.2,3.9
42109,,Imus City,2.3,1.1,4.9
42110,,Indang,6.7,3.1,5.5
42111,,Kawit,4.8,5.9,9.5
42112,,Magallanes,19.4,13.5,17.2
42113,,Maragondon,16.3,8.9,13.8
42114,,Mendez (Mendez-Nuñez),4.5,5.2,5.2
42115,,Naic,8.4,8.3,12.3
42116,,Noveleta,3.0,3.4,8.6
42117,,Rosario,5.9,7.5,5.6
42118,,Silang,11.0,5.5,6.9
42119,,Tagaytay City,5.6,6.6,5.9
42120,,Tanza,5.4,6.8,9.0
42121,,Ternate,16.5,9.0,15.2
42122,,Trece Martires City,4.3,4.6,5.3
42123,,Gen. Mariano Alvarez,5.7,6.0,8.0
43401,Laguna,Alaminos,6.4,2.1,2.7
43402,,Bay,2.8,3.2,2.7
43403,,Biñan City,1.7,7.9,5.2
43404,,Cabuyao City,1.7,11.0,8.5
43405,,Calamba City,2.0,3.4,3.0
43406,,Calauan,12.0,13.0,9.7
43407,,Cavinti,11.5,14.0,8.5
43408,,Famy,11.0,15.7,10.2
43409,,Kalayaan,12.8,14.5,11.9
43410,,Liliw,7.6,9.9,3.9
43411,,Los Baños,1.6,2.7,2.1
43412,,Luisiana,8.2,7.3,8.6
43413,,Lumban,7.2,8.7,7.9
43414,,Mabitac,14.4,22.5,16.9
43415,,Magdalena,13.8,19.5,16.4
43416,,Majayjay,13.4,15.2,8.4
43417,,Nagcarlan,7.3,10.0,5.6
43418,,Paete,3.2,7.7,5.4
43419,,Pagsanjan,2.8,7.2,4.9
43420,,Pakil,8.9,12.7,11.9
43421,,Pangil,7.4,16.2,8.6
43422,,Pila,3.4,8.4,6.7
43423,,Rizal,5.8,4.9,3.0
43424,,San Pablo City,2.7,5.6,4.2
43425,,San Pedro City,1.4,1.0,2.7
43426,,Santa Cruz,2.3,5.3,4.6
43427,,Santa Maria,16.8,20.6,16.6
43428,,Santa Rosa City,1.5,1.9,2.4
43429,,Siniloan,11.4,11.0,8.6
43430,,Victoria,3.7,8.6,4.4
45601,Quezon,Agdangan,19.8,21.6,15.2
45602,,Alabat,17.0,13.4,7.6
45603,,Atimonan,12.7,37.3,27.5
45605,,Buenavista,34.9,46.6,38.5
45606,,Burdeos,39.3,50.8,40.9
45607,,Calauag,25.8,28.1,24.5
45608,,Candelaria,10.6,12.8,6.2
45610,,Catanauan,27.8,30.6,26.2
45615,,Dolores,13.3,13.7,9.5
45616,,General Luna,27.5,32.5,27.5
45617,,General Nakar,27.8,43.3,31.5
45618,,Guinayangan,27.5,29.1,22.5
45619,,Gumaca,16.7,13.1,13.1
45620,,Infanta,15.0,13.7,11.9
45621,,Jomalig,39.0,57.6,45.5
45622,,Lopez,21.7,23.1,22.4
45623,,Lucban,5.2,5.3,3.8
45624,,Lucena City,3.6,6.6,5.9
45625,,Macalelon,29.5,30.0,28.9
45627,,Mauban,21.5,26.5,18.1
45628,,Mulanay,31.5,39.7,34.3
45629,,Padre Burgos,17.2,27.0,20.9
45630,,Pagbilao,13.4,12.1,10.1
45631,,Panukulan,34.5,42.4,39.5
45632,,Patnanungan,36.0,55.4,45.2
45633,,Perez,29.7,37.7,33.6
45634,,Pitogo,24.2,28.1,25.4
45635,,Plaridel,12.3,16.6,14.1
45636,,Polillo,27.0,30.8,24.5
45637,,Quezon,29.2,26.4,26.2
45638,,Real,17.1,29.8,23.4
45639,,Sampaloc,11.9,15.2,11.4
45640,,San Andres,39.0,54.7,43.8
45641,,San Antonio,16.7,24.0,19.2
45642,,San Francisco (Aurora),41.4,45.1,39.3
45644,,San Narciso,41.1,44.0,35.3
45645,,Sariaya,14.5,23.2,19.8
45646,,Tagkawayan,23.7,31.0,23.8
45647,,Tayabas City,10.5,9.6,8.8
45648,,Tiaong,13.8,13.9,8.6
45649,,Unisan,21.2,23.9,20.9
45801,Rizal,Angono,2.4,3.3,4.3
45802,,Antipolo City,3.6,4.1,5.8
45803,,Baras,11.4,9.1,8.5
45804,,Binangonan,4.0,6.1,6.5
45805,,Cainta,1.4,0.7,0.7
45806,,Cardona,5.5,9.2,10.1
45807,,Jala-Jala,15.7,19.7,17.7
45808,,Rodriguez (Montalban) ,4.5,5.1,4.5
45809,,Morong,2.2,3.5,4.9
45810,,Pililla,5.9,10.8,8.0
45811,,San Mateo,2.2,3.1,5.4
45812,,Tanay,10.5,10.2,11.6
45813,,Taytay,3.2,4.1,3.5
45814,,Teresa,3.3,5.4,6.0
,Region IV-B (MIMAROPA),,,,
174001,Marinduque,Boac,26.5,7.5,15.2
174002,,Buenavista,36.9,22.1,20.5
174003,,Gasan,30.7,16.2,14.9
174004,,Mogpog,26.8,10.5,13.6
174005,,Santa Cruz,30.6,12.7,15.6
174006,,Torrijos,35.2,17.3,23.1
175101,Occidental Mindoro,Abra de Ilog,37.5,32.3,34.8
175102,,Calintaan,34.2,31.1,29.8
175103,,Looc,32.4,22.3,23.1
175104,,Lubang,23.8,14.8,14.8
175105,,Magsaysay,38.3,34.3,41.4
175106,,Mamburao,28.9,17.5,21.1
175107,,Paluan,38.0,29.6,40.6
175108,,Rizal,36.0,31.2,36.5
175109,,Sablayan,34.8,28.0,28.6
175110,,San Jose,29.8,21.2,22.7
175111,,Santa Cruz,38.1,35.2,28.4
175201,Oriental Mindoro,Baco,44.5,22.8,25.3
175202,,Bansud,39.0,19.9,26.6
175203,,Bongabong,35.8,25.1,25.0
175204,,Bulalacao,51.5,40.0,41.0
175205,,Calapan City,23.0,7.1,9.3
175206,,Gloria,35.5,18.3,16.9
175207,,Mansalay,41.8,35.5,31.8
175208,,Naujan,38.4,20.5,19.0
175209,,Pinamalayan,31.7,17.0,19.7
175210,,Pola,37.9,29.2,18.3
175211,,Puerto Galera,23.9,11.0,7.9
175212,,Roxas,29.7,21.1,19.2
175213,,San Teodoro,33.6,14.8,22.4
175214,,Socorro,36.8,15.4,17.2
175215,,Victoria,35.2,18.0,17.4
175301,Palawan,Aborlan,23.4,22.4,21.6
175302,,Agutaya,36.1,33.4,17.5
175303,,Araceli,35.1,27.7,21.2
175304,,Balabac,44.2,38.1,50.4
175305,,Bataraza,27.5,30.6,40.3
175306,,Brooke's Point,26.7,27.0,32.0
175307,,Busuanga,26.5,34.9,22.6
175308,,Cagayancillo,36.6,22.5,31.6
175309,,Coron,28.4,23.5,19.7
175310,,Cuyo,20.4,13.8,10.0
175311,,Dumaran,41.6,30.8,24.3
175312,,El Nido,29.7,27.1,22.1
175313,,Linapacan,18.1,39.6,37.7
175314,,Magsaysay,17.6,15.9,17.3
175315,,Narra,21.4,20.6,18.3
175316,,Puerto Princesa City,15.5,7.8,11.3
175317,,Quezon,34.0,36.0,39.1
175318,,Roxas,24.9,21.0,18.3
175319,,San Vicente,25.6,30.1,21.6
175320,,Taytay,35.1,33.4,27.4
175322,,Culion,28.5,23.6,24.9
175323,,Rizal,32.7,36.7,40.5
175324,,Sofronio Española,30.1,32.9,30.4
175901,Romblon,Alcantara,37.3,35.4,30.3
175902,,Banton,38.0,30.7,25.0
175903,,Cajidiocan,50.4,38.1,36.5
175904,,Calatrava,47.4,35.5,34.0
175905,,Concepcion,41.9,27.9,22.6
175906,,Corcuera,46.6,47.4,34.0
175907,,Looc,48.8,27.6,24.7
175908,,Magdiwang,45.9,37.5,35.3
175909,,Odiongan,35.9,15.4,18.0
175910,,Romblon,39.2,26.9,28.3
175911,,San Agustin,43.5,33.4,37.1
175912,,San Andres,45.5,30.9,30.0
175913,,San Fernando,47.4,35.4,37.7
175914,,San Jose,50.5,41.0,33.9
175915,,Santa Fe,50.1,37.0,32.7
175916,,Ferrol,45.7,30.7,33.2
175917,,Santa Maria,45.7,26.7,29.8
,Region V (Bicol Region),,,,
50501,Albay,Bacacay,40.1,29.7,26.9
50502,,Camalig,38.7,29.3,25.8
50503,,Daraga (Locsin),29.7,17.9,17.2
50504,,Guinobatan,37.2,26.9,23.4
50505,,Jovellar,52.7,46.3,37.9
50506,,Legazpi City,30.7,17.3,18.0
50507,,Libon,48.3,37.5,36.0
50508,,Ligao City,40.5,29.1,27.8
50509,,Malilipot,37.3,22.3,20.3
50510,,Malinao,40.2,32.9,27.5
50511,,Manito,45.4,39.0,34.3
50512,,Oas,42.9,36.3,31.8
50513,,Pio Duran,51.3,45.1,37.4
50514,,Polangui,37.8,26.7,24.4
50515,,Rapu-Rapu,58.6,50.3,42.2
50516,,Santo Domingo,34.2,25.5,21.1
50517,,Tabaco City,35.1,23.8,22.4
50518,,Tiwi,37.9,27.4,27.9
51601,Camarines Norte,Basud,38.3,25.1,37.0
51602,,Capalonga,48.2,40.9,48.7
51603,,Daet,21.0,11.4,21.3
51604,,San Lorenzo Ruiz,45.4,23.7,36.4
51605,,Jose Panganiban,37.3,23.5,34.4
51606,,Labo,36.5,29.9,39.4
51607,,Mercedes,43.4,27.9,43.7
51608,,Paracale,35.6,24.0,35.8
51609,,San Vicente,34.7,21.6,33.0
51610,,Santa Elena,43.1,30.4,43.7
51611,,Talisay,28.6,17.9,26.7
51612,,Vinzons,42.1,32.2,43.1
51701,Camarines Sur,Baao,37.4,26.8,35.7
51702,,Balatan,50.0,51.5,51.7
51703,,Bato,40.1,40.3,41.2
51704,,Bombon,35.1,27.2,32.0
51705,,Buhi,44.0,34.1,39.8
51706,,Bula,46.0,41.3,45.4
51707,,Cabusao,46.1,33.6,42.0
51708,,Calabanga,42.7,33.4,36.4
51709,,Camaligan,29.4,18.5,24.5
51710,,Canaman,32.4,24.2,30.8
51711,,Caramoan,53.5,46.2,51.3
51712,,Del Gallego,52.4,37.5,44.7
51713,,Gainza,46.0,33.8,38.8
51714,,Garchitorena,59.0,56.1,59.7
51715,,Goa,41.2,27.5,35.4
51716,,Iriga City,31.5,23.0,28.4
51717,,Lagonoy,46.7,37.6,41.3
51718,,Libmanan,46.9,38.0,41.3
51719,,Lupi,49.9,37.0,44.4
51720,,Magarao,40.3,27.8,32.9
51721,,Milaor,36.6,27.1,32.8
51722,,Minalabac,48.4,40.1,45.4
51723,,Nabua,35.5,29.5,30.6
51724,,Naga City,24.4,15.7,19.3
51725,,Ocampo,43.8,31.5,35.0
51726,,Pamplona,46.7,32.9,38.7
51727,,Pasacao,48.7,44.6,41.6
51728,,Pili,33.1,24.6,29.3
51729,,Presentacion,50.2,48.8,52.8
51730,,Ragay,46.4,37.4,44.6
51731,,Sagñay,51.8,37.3,44.2
51732,,San Fernando,41.6,34.9,35.5
51733,,San Jose,39.1,29.2,32.7
51734,,Sipocot,43.8,33.6,41.8
51735,,Siruma,58.1,58.1,59.2
51736,,Tigaon,41.9,27.9,34.3
51737,,Tinambac,53.2,47.4,51.4
52001,Catanduanes,Bagamanoc,38.0,37.4,45.4
52002,,Baras,39.0,32.0,42.6
52003,,Bato,30.9,23.5,34.1
52004,,Caramoran,49.7,40.8,56.6
52005,,Gigmoto,41.5,32.8,48.2
52006,,Pandan,45.0,43.7,52.2
52007,,Panganiban,35.0,31.4,40.4
52008,,San Andres,36.6,29.9,44.1
52009,,San Miguel,36.5,32.1,44.5
52010,,Viga,41.2,39.4,46.8
52011,,Virac,22.7,16.6,26.7
54101,Masbate,Aroroy,45.5,43.3,41.8
54102,,Baleno,39.7,43.2,42.9
54103,,Balud,43.1,46.7,42.3
54104,,Batuan,37.0,46.1,37.0
54105,,Cataingan,41.5,40.9,38.8
54106,,Cawayan,47.6,49.3,51.8
54107,,Claveria,46.7,52.4,53.6
54108,,Dimasalang,41.3,49.2,44.0
54109,,Esperanza,45.5,44.2,48.2
54110,,Mandaon,41.1,44.7,41.4
54111,,Masbate City,28.9,22.2,30.0
54112,,Milagros,45.3,49.6,44.6
54113,,Mobo,37.4,43.5,45.2
54114,,Monreal,44.7,57.9,58.0
54115,,Palanas,40.4,45.0,44.7
54116,,Pio V. Corpuz,43.8,40.7,40.0
54117,,Placer,47.0,47.7,47.2
54118,,San Fernando,38.1,40.5,35.9
54119,,San Jacinto,39.1,38.8,34.0
54120,,San Pascual,52.7,52.8,57.1
54121,,Uson,42.9,50.9,47.4
56202,Sorsogon,Barcelona,39.1,29.4,37.7
56203,,Bulan,38.8,32.7,37.2
56204,,Bulusan,32.9,30.8,37.0
56205,,Casiguran,38.9,28.7,40.2
56206,,Castilla,44.4,42.2,45.2
56207,,Donsol,47.3,44.1,46.8
56208,,Gubat,33.6,25.6,30.5
56209,,Irosin,34.2,28.5,37.3
56210,,Juban,41.6,37.3,40.2
56211,,Magallanes,44.6,44.1,45.0
56212,,Matnog,43.2,45.2,45.2
56213,,Pilar,44.3,42.5,47.5
56214,,Prieto Diaz,36.7,30.7,42.4
56215,,Santa Magdalena,35.8,35.5,43.1
56216,,Sorsogon City,27.6,19.5,28.5
,Region VI (Western Visayas),,,,
60401,Aklan,Altavas,48.9,19.2,19.5
60402,,Balete,52.7,25.6,23.8
60403,,Banga,39.6,11.3,18.1
60404,,Batan,45.7,23.3,21.0
60405,,Buruanga,47.0,18.5,24.4
60406,,Ibajay,39.6,20.0,21.8
60407,,Kalibo,24.9,5.8,12.5
60408,,Lezo,39.1,8.4,18.0
60409,,Libacao,62.3,26.0,30.1
60410,,Madalag,63.3,33.2,28.8
60411,,Makato,48.9,18.9,20.1
60412,,Malay,24.8,12.1,17.3
60413,,Malinao,43.3,19.6,22.2
60414,,Nabas,36.9,25.4,25.1
60415,,New Washington,42.0,14.7,17.4
60416,,Numancia,24.4,9.1,12.6
60417,,Tangalan,42.5,21.6,23.5
60601,Antique,Anini-Y,45.4,18.5,19.5
60602,,Barbaza,46.3,23.4,20.7
60603,,Belizon,25.8,11.2,13.3
60604,,Bugasong,39.7,22.5,23.8
60605,,Caluya,49.7,24.7,25.4
60606,,Culasi,37.2,22.1,23.0
60607,,Tobias Fornier,44.1,20.9,22.2
60608,,Hamtic,38.5,15.5,20.8
60609,,Laua-an,42.1,25.9,24.1
60610,,Libertad,37.3,21.7,20.9
60611,,Pandan,40.1,20.9,20.4
60612,,Patnongon,41.8,26.4,22.3
60613,,San Jose,23.8,8.3,12.7
60614,,San Remigio,55.5,35.9,35.3
60615,,Sebaste,43.0,24.2,19.8
60616,,Sibalom,37.5,21.2,20.1
60617,,Tibiao,49.6,22.2,20.9
60618,,Valderrama,43.5,30.2,32.2
61901,Capiz,Cuartero,27.3,33.5,19.4
61902,,Dao,26.2,28.2,17.6
61903,,Dumalag,15.6,24.7,15.9
61904,,Dumarao,26.7,33.4,20.8
61905,,Ivisan,20.2,31.7,18.7
61906,,Jamindan,32.8,35.5,24.6
61907,,Ma-ayon,25.5,39.9,24.2
61908,,Mambusao,19.4,26.5,15.6
61909,,Panay,23.1,30.8,19.3
61910,,Panitan,22.1,29.7,17.9
61911,,Pilar,22.2,36.6,23.0
61912,,Pontevedra,17.8,29.1,17.9
61913,,President Roxas,20.4,28.6,22.1
61914,,Roxas City,12.1,12.6,14.7
61915,,Sapi-An,24.3,29.7,21.1
61916,,Sigma,17.5,28.2,18.3
61917,,Tapaz,29.0,33.8,24.1
63001,Iloilo,Ajuy,30.9,30.6,25.7
63002,,Alimodian,30.4,26.6,26.1
63003,,Anilao,31.5,27.3,25.5
63004,,Badiangan,18.5,16.8,22.5
63005,,Balasan,30.4,24.1,24.2
63006,,Banate,19.8,24.2,22.7
63007,,Barotac Nuevo,15.9,17.6,21.1
63008,,Barotac Viejo,26.2,25.4,24.2
63009,,Batad,33.1,34.5,26.4
63010,,Bingawan,26.8,26.3,24.2
63012,,Cabatuan,15.2,15.9,19.0
63013,,Calinog,29.6,27.0,28.3
63014,,Carles,46.8,35.8,33.3
63015,,Concepcion,48.4,36.8,27.5
63016,,Dingle,17.3,21.8,21.8
63017,,Dueñas,22.3,25.3,24.7
63018,,Dumangas,16.0,21.4,21.0
63019,,Estancia,22.1,26.1,24.0
63020,,Guimbal,15.8,11.4,16.8
63021,,Igbaras,29.2,22.5,25.4
63022,,Iloilo City,7.6,6.0,13.5
63023,,Janiuay,25.8,25.3,25.7
63025,,Lambunao,23.2,26.6,26.3
63026,,Leganes,15.2,10.1,16.4
63027,,Lemery,33.8,28.3,24.0
63028,,Leon,33.7,24.0,23.7
63029,,Maasin,22.6,28.3,28.4
63030,,Miagao,26.1,18.8,20.7
63031,,Mina,15.5,24.3,22.1
63032,,New Lucena,16.8,16.6,20.0
63034,,Oton,15.8,10.5,15.3
63035,,Passi City,24.5,25.1,23.3
63036,,Pavia,10.2,8.6,10.7
63037,,Pototan,17.3,18.9,21.2
63038,,San Dionisio,42.3,32.7,28.2
63039,,San Enrique,28.3,26.2,25.8
63040,,San Joaquin,38.3,28.1,26.7
63041,,San Miguel,17.9,14.3,18.9
63042,,San Rafael,30.1,28.4,23.8
63043,,Santa Barbara,13.5,13.1,17.3
63044,,Sara,24.1,26.1,23.2
63045,,Tigbauan,23.3,19.1,20.4
63046,,Tubungan,35.5,28.4,26.9
63047,,Zarraga,15.4,16.8,17.4
64501,Negros Occidental,Bacolod City,11.2,3.2,9.2
64502,,Bago City,20.7,20.6,19.3
64503,,Binalbagan,28.9,16.6,21.7
64504,,Cadiz City,27.3,24.7,22.5
64505,,Calatrava,39.1,33.0,27.6
64506,,Candoni,41.9,29.4,25.5
64507,,Cauayan,55.2,31.2,27.5
64508,,Enrique B. Magalona,24.7,20.3,19.9
64509,,Escalante City,25.6,23.5,23.8
64510,,Himamaylan City,31.4,23.5,19.8
64511,,Hinigaran,30.6,16.6,16.6
64512,,Hinoba-An (Asia),52.8,30.4,26.3
64513,,Ilog,39.1,24.2,19.2
64514,,Isabela,33.8,27.3,26.8
64515,,Kabankalan City,40.9,25.8,25.8
64516,,La Carlota City,19.3,10.3,12.3
64517,,La Castellana,29.7,29.6,26.1
64518,,Manapla,28.4,24.6,21.9
64519,,Moises Padilla (Magallon),40.6,32.5,31.2
64520,,Murcia,20.7,23.3,21.6
64521,,Pontevedra,20.4,18.3,16.6
64522,,Pulupandan,24.6,10.3,12.6
64523,,Sagay City,28.0,25.2,22.5
64524,,San Carlos City,34.0,23.2,24.1
64525,,San Enrique,21.8,12.3,15.7
64526,,Silay City,17.6,14.0,16.0
64527,,Sipalay City,45.9,29.1,24.1
64528,,Talisay City,15.7,10.4,13.9
64529,,Toboso,31.8,31.4,26.6
64530,,Valladolid,21.2,10.7,12.6
64531,,Victorias City,19.2,15.6,17.4
64532,,Salvador Benedicto,55.9,40.7,25.9
67901,Guimaras,Buenavista,23.9,16.3,18.4
67902,,Jordan,17.7,17.5,19.3
67903,,Nueva Valencia,36.4,19.0,26.4
67904,,San Lorenzo,44.0,28.7,28.9
67905,,Sibunag,49.3,28.4,25.0
,Region VII (Central Visayas),,,,
71201,Bohol,Alburquerque,25.4,15.9,16.3
71202,,Alicia,53.7,33.9,35.4
71203,,Anda,49.6,30.9,30.1
71204,,Antequera,36.8,18.5,18.4
71205,,Baclayon,23.9,15.1,15.8
71206,,Balilihan,51.9,31.3,22.5
71207,,Batuan,46.8,32.3,24.1
71208,,Bilar,47.9,22.6,23.8
71209,,Buenavista,55.9,45.5,41.9
71210,,Calape,40.4,25.4,22.7
71211,,Candijay,52.3,34.5,28.4
71212,,Carmen,55.2,38.4,29.2
71213,,Catigbian,51.3,37.0,29.2
71214,,Clarin,39.2,26.4,22.9
71215,,Corella,32.0,17.9,14.0
71216,,Cortes,26.9,15.9,15.9
71217,,Dagohoy,56.0,40.7,35.2
71218,,Danao,62.1,42.7,35.1
71219,,Dauis,30.1,17.0,14.4
71220,,Dimiao,42.4,30.6,27.1
71221,,Duero,51.7,29.6,29.6
71222,,Garcia Hernandez,46.8,28.0,26.3
71223,,Guindulman,47.2,30.3,30.0
71224,,Inabanga,47.1,34.7,31.1
71225,,Jagna,36.4,19.6,23.3
71226,,Getafe,60.1,43.5,42.9
71227,,Lila,42.6,19.6,26.3
71228,,Loay,28.4,19.3,19.8
71229,,Loboc,32.8,21.5,17.0
71230,,Loon,38.8,22.0,21.4
71231,,Mabini,58.4,46.8,34.1
71232,,Maribojoc,24.9,17.3,14.6
71233,,Panglao,33.3,16.4,19.7
71234,,Pilar,67.1,38.8,38.2
71235,,Pres. Carlos P. Garcia,62.1,51.8,45.8
71236,,Sagbayan,48.8,24.0,23.9
71237,,San Isidro,64.0,44.9,30.9
71238,,San Miguel,53.6,42.7,31.6
71239,,Sevilla,52.2,31.7,26.0
71240,,Sierra Bullones,54.4,35.1,31.6
71241,,Sikatuna,45.9,29.0,19.4
71242,,Tagbilaran City,11.0,7.9,8.7
71243,,Talibon,51.4,36.4,34.6
71244,,Trinidad,56.6,39.7,32.1
71245,,Tubigon,37.4,26.7,21.5
71246,,Ubay,50.1,39.6,34.4
71247,,Valencia,50.4,28.5,29.1
71248,,Bien Unido,63.7,48.8,50.4
72201,Cebu,Alcantara,51.2,34.0,33.6
72202,,Alcoy,47.1,24.5,32.7
72203,,Alegria,62.4,40.0,40.5
72204,,Aloguinsan,49.4,29.1,29.5
72205,,Argao,43.6,24.7,25.3
72206,,Asturias,44.2,30.8,33.0
72207,,Badian,53.5,38.3,36.8
72208,,Balamban,37.6,20.0,25.6
72209,,Bantayan,55.1,36.0,31.3
72210,,Barili,40.7,26.4,30.4
72211,,Bogo City,37.0,20.2,18.6
72212,,Boljoon,48.6,33.6,34.6
72213,,Borbon,43.7,27.4,29.1
72214,,Carcar City,27.2,17.0,21.4
72215,,Carmen,31.4,20.0,21.1
72216,,Catmon,39.9,27.5,26.0
72217,,Cebu City,13.9,6.8,12.6
72218,,Compostela,27.8,18.2,19.6
72219,,Consolacion,17.4,9.3,13.4
72220,,Cordoba,25.9,14.3,19.7
72221,,Daanbantayan,42.9,28.4,25.4
72222,,Dalaguete,55.6,42.3,33.6
72223,,Danao City,31.6,16.6,21.3
72224,,Dumanjug,47.6,33.2,30.9
72225,,Ginatilan,58.0,40.5,33.3
72226,,Lapu-Lapu City,19.6,9.1,16.7
72227,,Liloan,18.0,10.5,14.7
72228,,Madridejos,50.6,36.3,28.1
72229,,Malabuyoc,50.7,37.1,44.3
72230,,Mandaue City,14.1,5.5,11.3
72231,,Medellin,35.8,23.9,26.6
72232,,Minglanilla,20.4,9.7,13.5
72233,,Moalboal,48.9,27.9,26.6
72234,,Naga City,27.1,17.2,21.1
72235,,Oslob,50.9,40.4,35.7
72236,,Pilar,48.9,30.8,31.9
72237,,Pinamungahan,46.4,25.7,28.5
72238,,Poro,45.1,30.1,34.1
72239,,Ronda,46.5,32.7,30.2
72240,,Samboan,53.1,31.7,35.9
72241,,San Fernando,26.2,20.7,24.3
72242,,San Francisco,59.5,49.3,44.1
72243,,San Remigio,45.7,27.3,23.6
72244,,Santa Fe,56.2,39.8,33.3
72245,,Santander,41.9,27.9,30.8
72246,,Sibonga,41.8,25.7,27.6
72247,,Sogod,44.7,33.4,29.2
72248,,Tabogon,47.0,34.8,28.0
72249,,Tabuelan,53.8,33.4,29.4
72250,,Talisay City,18.0,10.7,14.1
72251,,Toledo City,31.5,18.9,21.9
72252,,Tuburan,45.9,34.3,36.8
72253,,Tudela,42.7,24.3,33.0
74601,Negros Oriental,Amlan,24.1,20.3,27.2
74602,,Ayungon,51.6,51.3,52.4
74603,,Bacong,20.8,18.5,25.7
74604,,Bais City,37.2,31.7,39.7
74605,,Basay,45.8,46.4,53.3
74606,,Bayawan City,42.6,37.4,49.8
74607,,Bindoy,59.9,55.8,63.7
74608,,Canlaon City,35.4,42.3,35.0
74609,,Dauin,32.4,28.9,34.7
74610,,Dumaguete City,7.4,6.5,11.8
74611,,Guihulngan City,45.0,40.8,54.0
74612,,Jimalalud,50.2,48.1,62.5
74613,,La Libertad,50.2,51.0,57.5
74614,,Mabinay,48.8,40.8,52.7
74615,,Manjuyod,42.5,33.6,41.1
74616,,Pamplona,35.5,34.1,40.3
74617,,San Jose,28.7,28.8,32.5
74618,,Santa Catalina,39.5,43.1,45.6
74619,,Siaton,48.5,45.9,52.9
74620,,Sibulan,17.4,14.7,21.6
74621,,Tanjay City,27.1,22.7,31.4
74622,,Tayasan,48.5,41.2,52.8
74623,,Valencia,27.3,20.5,25.2
74624,,Vallehermoso,47.2,38.0,51.4
74625,,Zamboanguita,39.1,32.2,39.9
76101,Siquijor,Enrique Villanueva,28.2,19.8,23.0
76102,,Larena,21.0,7.8,17.1
76103,,Lazi,39.5,28.6,35.8
76104,,Maria,39.1,25.4,37.7
76105,,San Juan,42.9,31.4,28.3
76106,,Siquijor,27.0,18.6,25.2
,Region VIII (Eastern Visayas),,,,
82601,Eastern Samar,Arteche,55.8,59.2,48.1
82602,,Balangiga,44.2,40.6,39.7
82603,,Balangkayan,48.6,51.8,40.7
82604,,Borongan City,37.6,26.0,32.3
82605,,Can-avid,50.0,44.7,43.6
82606,,Dolores,50.2,49.3,47.3
82607,,General MacArthur,48.8,53.9,48.4
82608,,Giporlos,44.9,48.1,43.2
82609,,Guiuan,42.0,36.5,34.6
82610,,Hernani,48.7,52.7,43.4
82611,,Jipapad,60.6,60.9,49.9
82612,,Lawaan,45.7,33.1,38.7
82613,,Llorente,47.2,47.4,42.8
82614,,Maslog,60.2,60.5,68.3
82615,,Maydolong,49.1,40.1,39.9
82616,,Mercedes,39.6,44.9,35.7
82617,,Oras,51.1,53.5,45.6
82618,,Quinapondan,51.9,50.9,43.5
82619,,Salcedo,45.8,43.9,40.1
82620,,San Julian,45.2,43.5,41.9
82621,,San Policarpo,46.4,52.4,48.6
82622,,Sulat,42.0,36.5,38.9
82623,,Taft,42.2,39.4,41.9
83701,Leyte,Abuyog,35.4,35.9,36.1
83702,,Alangalang,34.9,41.5,33.9
83703,,Albuera,33.6,38.9,33.9
83705,,Babatngon,38.6,44.1,37.3
83706,,Barugo,36.6,37.4,39.3
83707,,Bato,36.4,40.0,38.6
83708,,Baybay City,31.0,27.7,30.8
83710,,Burauen,33.3,36.7,35.9
83713,,Calubian,36.2,46.2,40.5
83714,,Capoocan,39.8,44.4,42.5
83715,,Carigara,32.1,34.7,31.2
83717,,Dagami,35.0,46.2,39.0
83718,,Dulag,33.6,33.6,31.5
83719,,Hilongos,30.6,37.4,33.9
83720,,Hindang,32.1,32.5,28.1
83721,,Inopacan,30.7,32.8,35.4
83722,,Isabel,23.7,23.9,23.4
83723,,Jaro,37.4,45.0,41.5
83724,,Javier (Bugho),36.7,41.3,36.9
83725,,Julita,33.3,36.8,33.2
83726,,Kananga,40.6,40.2,34.6
83728,,La Paz,35.8,45.4,39.3
83729,,Leyte,46.7,53.6,47.1
83730,,MacArthur,36.6,42.5,36.3
83731,,Mahaplag,41.2,39.7,37.9
83733,,Matag-ob,35.7,49.6,35.5
83734,,Matalom,34.7,41.3,35.6
83735,,Mayorga,36.4,31.5,33.6
83736,,Merida,32.0,38.7,31.5
83738,,Ormoc City,28.3,25.7,29.4
83739,,Palo,24.6,17.9,22.4
83740,,Palompon,30.3,27.7,28.8
83741,,Pastrana,35.9,49.5,40.7
83742,,San Isidro,41.2,47.1,41.9
83743,,San Miguel,35.9,46.4,41.1
83744,,Santa Fe,31.4,43.9,33.6
83745,,Tabango,40.8,46.3,42.6
83746,,Tabontabon,36.8,45.4,37.4
83747,,Tacloban City,20.5,9.8,21.5
83748,,Tanauan,27.0,28.9,28.5
83749,,Tolosa,24.4,20.7,28.2
83750,,Tunga,23.1,22.8,28.0
83751,,Villaba,35.4,44.8,33.9
84801,Northern Samar,Allen,31.5,35.1,33.4
84802,,Biri,50.7,55.4,49.0
84803,,Bobon,45.9,40.1,41.7
84804,,Capul,41.6,45.2,51.2
84805,,Catarman,43.4,34.8,36.0
84806,,Catubig,52.8,54.2,49.3
84807,,Gamay,48.7,51.4,44.3
84808,,Laoang,47.6,51.7,46.0
84809,,Lapinig,51.9,55.4,48.5
84810,,Las Navas,57.1,57.5,62.3
84811,,Lavezares,45.6,48.6,44.3
84812,,Mapanas,58.4,53.3,52.8
84813,,Mondragon,52.2,53.6,51.8
84814,,Palapag,52.1,51.7,48.2
84815,,Pambujan,51.6,55.5,54.1
84816,,Rosario,41.6,43.5,45.2
84817,,San Antonio,32.5,36.6,43.2
84818,,San Isidro,43.6,40.9,38.0
84819,,San Jose,46.1,48.1,40.0
84820,,San Roque,52.7,51.0,53.4
84821,,San Vicente,43.5,45.7,53.2
84822,,Silvino Lobos,64.8,71.6,78.5
84823,,Victoria,37.7,40.9,42.3
84824,,Lope De Vega,58.2,63.3,56.9
86001,Samar (Western),Almagro,39.5,48.1,39.8
86002,,Basey,39.1,34.8,36.6
86003,,Calbayog City,38.7,24.9,35.8
86004,,Calbiga,39.0,37.4,37.4
86005,,Catbalogan City,33.6,17.9,27.0
86006,,Daram,51.2,52.7,50.6
86007,,Gandara,43.8,46.4,45.9
86008,,Hinabangan,43.8,34.0,39.4
86009,,Jiabong,41.7,37.1,44.0
86010,,Marabut,44.4,37.2,37.4
86011,,Matuguinao,57.5,51.8,60.3
86012,,Motiong,45.9,42.0,48.5
86013,,Pinabacdao,45.0,47.0,45.5
86014,,San Jose de Buan,57.8,43.2,55.7
86015,,San Sebastian,43.0,40.8,41.0
86016,,Santa Margarita,40.7,33.1,36.4
86017,,Santa Rita,41.3,48.2,45.0
86018,,Santo Niño,45.3,40.0,46.0
86019,,Talalora,47.0,45.4,47.1
86020,,Tarangnan,46.3,47.5,43.4
86021,,Villareal,42.1,42.8,44.7
86022,,Paranas (Wright),42.5,31.8,39.2
86023,,Zumarraga,49.9,49.5,49.9
86024,,Tagapul-an,42.5,49.5,50.9
86025,,San Jorge,42.3,41.1,45.5
86026,,Pagsanghan,40.6,38.0,37.3
86401,Southern Leyte,Anahawan,29.7,39.1,36.6
86402,,Bontoc,43.2,39.8,41.6
86403,,Hinunangan,37.6,33.8,40.2
86404,,Hinundayan,31.7,36.3,37.1
86405,,Libagon,42.1,40.9,42.2
86406,,Liloan,39.3,42.5,44.4
86407,,Maasin City,31.4,29.4,33.0
86408,,Macrohon,33.6,35.6,37.3
86409,,Malitbog,40.6,45.0,46.2
86410,,Padre Burgos,33.9,30.9,34.6
86411,,Pintuyan,43.2,44.4,41.3
86412,,Saint Bernard,42.7,39.5,40.2
86413,,San Francisco,36.7,40.0,41.4
86414,,San Juan (Cabalian),33.6,35.9,35.2
86415,,San Ricardo,42.5,46.0,43.8
86416,,Silago,38.1,31.1,41.7
86417,,Sogod,36.8,39.1,35.6
86418,,Tomas Oppus,39.7,42.2,39.7
86419,,Limasawa,37.3,48.5,38.3
87801,Biliran,Almeria,26.8,25.1,22.2
87802,,Biliran,33.2,32.7,27.7
87803,,Cabucgayan,35.2,38.5,35.3
87804,,Caibiran,38.3,36.3,38.1
87805,,Culaba,35.5,31.7,39.4
87806,,Kawayan,33.5,32.0,35.5
87807,,Maripipi,28.0,41.8,31.4
87808,,Naval,27.8,21.7,27.7
,Region IX (Zamboanga Peninsula),,,,
97201,Zamboanga del Norte,Dapitan City,40.0,29.0,36.1
97202,,Dipolog City,26.8,11.0,14.5
97203,,Katipunan,57.1,49.9,53.0
97204,,La Libertad,45.0,47.9,49.0
97205,,Labason,48.9,46.7,43.7
97206,,Liloy,51.4,39.1,38.2
97207,,Manukan,68.2,51.7,53.4
97208,,Mutia,57.8,43.8,50.0
97209,,Piñan,55.5,40.2,46.1
97210,,Polanco,47.3,36.8,40.5
97211,,Pres. Manuel A. Roxas,66.3,51.3,57.9
97212,,Rizal,37.3,33.4,36.5
97213,,Salug,60.2,49.5,49.7
97214,,Sergio Osmeña Sr.,65.8,59.9,67.9
97215,,Siayan,79.9,70.5,68.4
97216,,Sibuco,68.2,67.2,67.1
97217,,Sibutad,54.1,40.0,40.8
97218,,Sindangan,56.8,46.9,48.4
97219,,Siocon,63.6,49.2,48.2
97220,,Sirawai,61.7,41.5,54.4
97221,,Tampilisan,45.0,44.2,50.2
97222,,Jose Dalman (Ponot),68.0,62.8,58.7
97223,,Gutalac,70.4,67.4,61.4
97224,,Baliguian,75.3,62.9,55.3
97225,,Godod,71.1,60.8,68.2
97226,,Bacungan (Leon T. Postigo),66.0,54.2,57.8
97227,,Kalawit,65.8,52.9,61.9
97302,Zamboanga del Sur,Aurora,31.5,24.9,34.6
97303,,Bayog,43.6,44.5,47.8
97305,,Dimataling,46.8,49.9,48.9
97306,,Dinas,43.1,48.2,46.9
97307,,Dumalinao,38.8,34.4,43.1
97308,,Dumingag,42.8,48.6,48.3
97311,,Kumalarang,45.9,47.6,46.0
97312,,Labangan,33.9,35.3,33.6
97313,,Lapuyan,53.0,58.7,53.1
97315,,Mahayag,35.9,34.0,40.6
97317,,Margosatubig,39.0,30.2,31.1
97318,,Midsalip,52.7,54.9,55.1
97319,,Molave,26.5,22.3,29.3
97322,,Pagadian City,21.0,12.0,20.5
97323,,Ramon Magsaysay,36.6,32.8,37.4
97324,,San Miguel,41.6,46.5,43.0
97325,,San Pablo,47.0,46.9,52.9
97327,,Tabina,47.6,32.3,42.7
97328,,Tambulig,38.0,34.3,39.0
97330,,Tukuran,36.5,31.9,38.8
97332,,Zamboanga City,19.9,12.6,17.3
97333,,Lakewood,48.4,47.9,51.0
97337,,Josefina,40.9,49.5,41.2
97338,,Pitogo,49.8,34.1,43.6
97340,,Sominot,54.5,50.4,49.4
97341,,Vincenzo A. Sagun,46.5,46.2,45.5
97343,,Guipos,36.0,38.8,42.5
97344,,Tigbao,44.5,46.1,44.5
98301,Zamboanga Sibugay,Alicia,54.0,60.6,51.3
98302,,Buug,40.2,30.5,38.9
98303,,Diplahan,43.9,35.1,36.5
98304,,Imelda,42.4,28.9,37.8
98305,,Ipil,32.2,19.7,23.2
98306,,Kabasalan,36.7,36.9,41.5
98307,,Mabuhay,68.9,67.3,59.1
98308,,Malangas,40.5,31.5,36.4
98309,,Naga,36.4,27.8,41.6
98310,,Olutanga,61.7,50.2,49.4
98311,,Payao,63.3,50.4,57.3
98312,,Roseller Lim,51.2,50.0,45.5
98313,,Siay,48.3,37.8,46.2
98314,,Talusan,66.5,59.6,56.0
98315,,Titay,45.1,33.2,45.9
98316,,Tungawan,59.5,56.1,52.2
,Region X (Northern Mindanao),,,,
101301,Bukidnon,Baungon,49.1,46.2,49.7
101302,,Damulog,52.2,64.0,61.5
101303,,Dangcagan,39.9,39.7,43.1
101304,,Don Carlos,42.0,37.6,39.0
101305,,Impasug-ong,46.1,58.5,58.0
101306,,Kadingilan,50.7,56.0,57.5
101307,,Kalilangan,51.3,53.0,52.1
101308,,Kibawe,46.8,49.0,45.3
101309,,Kitaotao,54.8,64.1,65.5
101310,,Lantapan,40.8,49.0,48.3
101311,,Libona,35.5,37.2,37.4
101312,,Malaybalay City,34.6,31.6,36.5
101313,,Malitbog,61.4,65.3,65.7
101314,,Manolo Fortich,33.5,34.0,35.7
101315,,Maramag,33.5,37.3,36.5
101316,,Pangantucan,53.2,51.7,49.1
101317,,Quezon,52.0,49.2,55.3
101318,,San Fernando,52.1,63.2,59.0
101319,,Sumilao,40.2,45.1,43.0
101320,,Talakag,50.3,62.4,64.6
101321,,Valencia City,35.8,34.8,31.4
101322,,Cabanglasan,45.2,59.3,60.8
101801,Camiguin,Catarman,58.4,43.9,42.5
101802,,Guinsiliban,45.7,68.8,61.0
101803,,Mahinog,45.9,43.5,37.0
101804,,Mambajao,36.2,30.9,30.3
101805,,Sagay,42.1,49.9,44.9
103501,Lanao del Norte,Bacolod,40.2,37.8,34.2
103502,,Baloi,48.3,52.8,40.1
103503,,Baroy,47.0,44.6,40.4
103504,,Iligan City,24.4,17.5,17.3
103505,,Kapatagan,47.6,43.5,47.1
103506,,Sultan Naga Dimaporo,59.9,64.0,54.1
103507,,Kauswagan,49.5,41.1,37.5
103508,,Kolambugan,41.7,36.2,28.7
103509,,Lala,37.0,43.3,42.0
103510,,Linamon,31.0,30.4,30.0
103511,,Magsaysay,59.2,55.4,57.1
103512,,Maigo,43.7,36.8,33.4
103513,,Matungao,59.3,64.5,55.3
103514,,Munai,67.5,65.2,56.3
103515,,Nunungan,67.9,79.7,69.1
103516,,Pantao Ragat,59.7,67.3,58.8
103517,,Poona Piagapo,66.8,73.8,62.8
103518,,Salvador,56.3,68.7,62.8
103519,,Sapad,62.0,58.4,64.7
103520,,Tagoloan,69.4,69.9,60.0
103521,,Tangcal,67.4,79.3,65.9
103522,,Tubod,48.3,38.0,36.8
103523,,Pantar,57.5,67.2,53.2
104201,Misamis Occidental,Aloran,42.7,39.6,34.4
104202,,Baliangao,37.7,49.6,42.4
104203,,Bonifacio,44.9,51.8,46.3
104204,,Calamba,41.4,27.1,26.2
104205,,Clarin,38.8,33.5,30.0
104206,,Concepcion,62.3,78.0,70.2
104207,,Jimenez,40.9,28.0,23.6
104208,,Lopez Jaena,49.3,44.2,39.6
104209,,Oroquieta City,30.7,22.2,20.9
104210,,Ozamis City,29.8,20.9,17.8
104211,,Panaon,40.2,31.8,27.8
104212,,Plaridel,35.2,37.4,34.5
104213,,Sapang Dalaga,43.9,46.6,41.4
104214,,Sinacaban,38.9,38.3,29.5
104215,,Tangub City,43.1,39.3,35.5
104216,,Tudela,38.0,38.1,34.5
104217,,Don Victoriano Chiongbian,65.7,67.3,59.1
104301,Misamis Oriental,Alubijid,53.7,35.4,36.5
104302,,Balingasag,51.2,37.7,35.8
104303,,Balingoan,46.4,33.3,32.6
104304,,Binuangan,52.7,28.7,26.5
104305,,Cagayan De Oro City,22.8,7.7,8.9
104306,,Claveria,57.1,39.1,44.0
104307,,El Salvador City,38.8,23.7,27.1
104308,,Gingoog City,48.7,27.7,29.6
104309,,Gitagum,50.3,35.0,41.6
104310,,Initao,48.9,30.5,31.9
104311,,Jasaan,42.1,26.1,30.0
104312,,Kinoguitan,55.7,27.6,26.4
104313,,Lagonglong,49.9,32.3,32.5
104314,,Laguindingan,52.2,35.4,36.4
104315,,Libertad,55.5,47.1,46.5
104316,,Lugait,40.6,21.3,19.3
104317,,Magsaysay,60.3,48.2,50.9
104318,,Manticao,48.4,28.2,30.1
104319,,Medina,41.0,19.3,18.6
104320,,Naawan,45.7,25.9,25.0
104321,,Opol,31.1,14.3,20.7
104322,,Salay,47.1,27.9,25.9
104323,,Sugbongcogon,45.4,40.6,36.6
104324,,Tagoloan,35.9,14.0,19.4
104325,,Talisayan,48.2,29.0,34.3
104326,,Villanueva,40.5,20.2,22.1
,Region XI (Davao Region),,,,
112301,Davao del Norte,Asuncion (Saug),41.0,39.2,33.1
112303,,Carmen,28.0,26.7,30.6
112305,,Kapalong,21.5,33.4,31.2
112314,,New Corella,38.2,41.6,40.1
112315,,Panabo City,14.8,16.6,19.1
112317,,Island Garden City of Samal,32.8,28.5,28.5
112318,,Santo Tomas,23.5,21.7,23.3
112319,,Tagum City,15.0,13.8,13.6
112322,,Talaingod,62.6,68.8,56.4
112323,,Braulio E. Dujali,40.8,29.4,29.6
112324,,San Isidro,53.6,43.2,42.2
112401,Davao del Sur,Bansalan,21.3,23.7,19.8
112402,,Davao City,13.2,10.6,9.2
112403,,Digos City,18.8,14.7,14.2
112404,,Hagonoy,22.9,23.9,20.4
112406,,Kiblawan,57.4,52.9,29.2
112407,,Magsaysay,40.0,29.7,27.6
112408,,Malalag,41.2,35.6,17.3
112410,,Matanao,40.7,25.7,25.1
112411,,Padada,14.6,14.1,14.3
112412,,Santa Cruz,27.3,28.6,22.8
112414,,Sulop,36.9,37.1,21.4
112501,Davao Oriental,Baganga,44.0,26.2,33.7
112502,,Banaybanay,32.5,34.2,28.7
112503,,Boston,36.6,27.6,29.3
112504,,Caraga,58.0,51.6,36.0
112505,,Cateel,53.5,28.8,30.6
112506,,Governor Generoso,55.7,38.7,34.4
112507,,Lupon,42.9,32.8,24.7
112508,,Manay,58.7,58.1,35.2
112509,,Mati City (Capital),33.9,27.0,18.7
112510,,San Isidro,47.4,35.2,34.3
112511,,Tarragona,62.3,56.9,34.9
118201,Compostela Valley,Compostela,26.5,27.0,27.6
118202,,Laak (San Vicente),54.7,53.8,41.1
118203,,Mabini (Doña Alicia),29.8,32.1,29.5
118204,,Maco,30.6,29.6,23.3
118205,,Maragusan (San Mariano),35.6,31.2,27.6
118206,,Mawab,32.7,32.2,24.9
118207,,Monkayo,32.9,25.9,30.8
118208,,Montevista,41.3,40.2,33.4
118209,,Nabunturan,28.3,24.4,22.7
118210,,New Bataan,42.0,32.9,31.3
118211,,Pantukan,28.3,36.5,26.2
,Davao Occidental,,,,
118601,,Don Marcelino,66.5,73.8,59.6
118602,,Jose Abad Santos (Trinidad),72.3,75.5,65.4
118603,,Malita,63.8,60.8,57.3
118604,,Santa Maria,48.5,50.7,55.0
118605,,Sarangani,72.1,65.9,59.5
,Region XII (SOCCSKSARGEN),,,,
124701,North Cotabato,Alamada,44.6,54.3,44.1
124702,,Carmen,50.4,56.4,52.3
124703,,Kabacan,35.0,38.0,36.9
124704,,Kidapawan City,19.2,27.7,19.1
124705,,Libungan,32.1,39.6,37.1
124706,,Magpet,36.7,48.9,42.2
124707,,Makilala,23.2,39.4,32.2
124708,,Matalam,34.9,43.0,40.5
124709,,Midsayap,33.0,39.6,39.2
124710,,M'lang,34.5,38.3,31.6
124711,,Pigkawayan,39.0,41.9,38.8
124712,,Pikit,48.5,57.8,58.8
124713,,President Roxas,35.3,47.6,41.6
124714,,Tulunan,38.2,45.4,38.6
124715,,Antipas,30.9,41.1,30.5
124716,,Banisilan,43.8,45.4,47.9
124717,,Aleosan,47.1,58.2,50.9
124718,,Arakan,48.0,53.9,44.3
126302,South Cotabato,Banga,31.3,30.9,34.4
126303,,General Santos City,22.5,19.3,23.5
126306,,Koronodal City,21.7,21.7,22.4
126311,,Norala,33.1,28.5,31.0
126312,,Polomolok,22.8,22.8,24.6
126313,,Surallah,30.5,32.0,33.9
126314,,Tampakan,33.1,37.3,36.6
126315,,Tantangan,38.2,35.4,35.8
126316,,T'boli,52.7,60.2,59.0
126317,,Tupi,34.7,32.9,39.2
126318,,Santo Niño,32.1,28.0,25.3
126319,,Lake Sebu,52.8,63.5,64.0
126501,Sultan Kudarat,Bagumbayan,46.9,47.6,40.2
126502,,Columbio,54.4,54.7,50.3
126503,,Esperanza,33.2,38.6,33.4
126504,,Isulan,26.8,29.9,25.8
126505,,Kalamansig,50.6,51.0,53.8
126506,,Lebak,46.0,50.9,51.7
126507,,Lutayan,51.1,51.3,54.0
126508,,Lambayong,41.4,42.1,43.0
126509,,Palimbang,63.7,57.6,64.3
126510,,President Quirino,31.7,32.7,30.1
126511,,Tacurong City,18.5,22.2,16.4
126512,,Sen. Ninoy Aquino,47.6,54.6,51.0
128001,Sarangani,Alabel,41.0,45.9,44.7
128002,,Glan,47.0,49.0,52.6
128003,,Kiamba,45.0,36.4,48.0
128004,,Maasim,52.2,44.1,48.2
128005,,Maitum,42.8,39.8,47.7
128006,,Malapatan,54.1,53.1,60.9
128007,,Malungon,45.3,47.0,48.3
,Region XIII (Caraga),,,,
160201,Agusan del Norte,Buenavista,38.0,30.8,31.8
160202,,Butuan City,27.6,18.7,26.6
160203,,Cabadbaran City,28.4,24.9,26.8
160204,,Carmen,40.6,37.7,36.4
160205,,Jabonga,45.7,48.1,42.3
160206,,Kitcharao,39.9,40.0,30.7
160207,,Las Nieves,53.0,59.4,46.2
160208,,Magallanes,28.6,25.9,30.8
160209,,Nasipit,28.3,20.7,26.7
160210,,Santiago,47.7,40.5,39.5
160211,,Tubay,39.2,42.7,38.3
160212,,Remedios T. Romualdez,41.0,36.1,34.0
160301,Agusan del Sur,Bayugan City,48.4,35.9,38.1
160302,,Bunawan,54.2,39.1,38.1
160303,,Esperanza,61.9,52.9,50.5
160304,,La Paz,66.7,52.8,58.4
160305,,Loreto,56.9,48.6,49.0
160306,,Prosperidad,52.8,39.3,40.3
160307,,Rosario,48.2,40.0,43.0
160308,,San Francisco,39.7,30.8,32.2
160309,,San Luis,62.0,55.7,49.6
160310,,Santa Josefa,53.3,36.0,40.5
160311,,Talacogon,58.0,46.0,42.6
160312,,Trento,49.1,34.0,36.1
160313,,Veruela,58.5,48.7,47.2
160314,,Sibagat,59.4,47.8,46.2
166701,Surigao del Norte,Alegria,57.2,38.3,36.2
166702,,Bacuag,50.6,37.1,35.8
166704,,Burgos,53.2,40.4,34.1
166706,,Claver,49.8,41.4,34.3
166707,,Dapa,52.2,43.5,39.9
166708,,Del Carmen,58.9,41.2,37.2
166710,,General Luna,55.4,44.5,41.1
166711,,Gigaquit,59.6,41.5,40.5
166714,,Mainit,57.0,41.7,39.1
166715,,Malimono,50.3,51.8,42.9
166716,,Pilar,62.8,46.4,36.8
166717,,Placer,47.7,29.5,34.4
166718,,San Benito,62.6,42.4,39.9
166719,,San Francisco (Anao-Aon),48.8,31.6,35.7
166720,,San Isidro,51.7,46.2,36.6
166721,,Santa Monica (Sapao),52.4,36.1,33.1
166722,,Sison,52.1,45.0,36.8
166723,,Socorro,52.1,58.7,38.5
166724,,Surigao City,40.1,21.5,29.4
166725,,Tagana-an,50.4,43.7,45.3
166727,,Tubod,47.8,31.0,30.6
166801,Surigao del Sur,Barobo,45.7,30.5,43.8
166802,,Bayabas,39.4,28.7,41.1
166803,,Bislig City,34.2,20.6,32.4
166804,,Cagwait,39.4,23.8,37.0
166805,,Cantilan,25.7,17.6,28.6
166806,,Carmen,34.6,24.6,34.2
166807,,Carrascal,32.7,26.4,35.6
166808,,Cortes,36.4,23.3,37.2
166809,,Hinatuan,43.6,29.4,40.3
166810,,Lanuza,35.1,33.1,37.3
166811,,Lianga,37.0,29.2,38.7
166812,,Lingig,48.9,34.0,45.3
166813,,Madrid,33.0,20.8,30.5
166814,,Marihatag,50.3,38.0,45.6
166815,,San Agustin,49.9,37.4,41.5
166816,,San Miguel,50.5,37.5,45.5
166817,,Tagbina,48.0,31.7,41.7
166818,,Tago,37.5,26.9,39.0
166819,,Tandag City,26.3,16.0,29.6
168501,Dinagat Islands,Basilisa (Rizal),55.7,54.7,42.0
168502,,Cagdianao,55.6,54.2,45.0
168503,,Dinagat,57.6,49.4,43.9
168504,,Libjo (Albor),54.1,47.1,43.6
168505,,Loreto,54.2,31.4,36.6
168506,,San Jose,46.7,35.3,36.2
168507,,Tubajon,56.3,41.6,42.0
,Autonomous Region in Muslim Mindanao (ARMM),,,,
150702,Basilan,Lamitan City,17.5,31.9,37.6
150703,,Lantawan,25.2,34.8,45.8
150704,,Maluso,39.2,37.5,48.7
150705,,Sumisip,29.4,52.8,51.2
150706,,Tipo-Tipo,28.0,35.1,54.6
150707,,Tuburan,37.6,43.5,56.0
150708,,Akbar,32.7,53.9,52.1
150709,,Al-barka,27.0,57.0,52.5
150710,,Hadji Mohammad Ajul,30.5,45.5,56.1
150711,,Ungkaya Pukan,26.5,48.7,53.5
150712,,Hadji Muhtamad,35.5,45.7,57.2
150713,,Tabuan-Lasa,40.3,51.6,62.2
153601,Lanao del Sur,Bacolod-Kalawi,29.4,84.8,61.4
153602,,Balabagan,34.4,53.9,59.7
153603,,Balindong (Watu),42.9,63.6,61.4
153604,,Bayang,33.9,69.8,66.5
153605,,Binidayan,36.8,63.9,65.3
153606,,Bubong,42.6,52.9,65.6
153607,,Butig,37.1,58.9,65.1
153609,,Ganassi,34.8,68.8,63.2
153610,,Kapai,43.0,74.8,73.6
153611,,Lumba-Bayabao (Maguing),38.8,74.0,65.1
153612,,Lumbatan,36.8,59.4,65.8
153613,,Madalum,32.6,60.9,64.5
153614,,Madamba,46.7,66.9,70.0
153615,,Malabang,37.7,68.1,61.6
153616,,Marantao,29.2,60.2,61.1
153617,,Marawi City,34.5,60.0,54.6
153618,,Masiu,39.4,59.5,63.4
153619,,Mulondo,54.2,65.4,65.9
153620,,Pagayawan (Tatarikan),43.5,71.6,73.2
153621,,Piagapo,37.0,81.4,68.1
153622,,Poona Bayabao (Gata),28.3,64.3,60.9
153623,,Pualas,27.5,72.5,64.5
153624,,Ditsaan-Ramain,41.9,67.0,64.2
153625,,Saguiaran,33.2,72.0,62.0
153626,,Tamparan,39.9,68.3,68.5
153627,,Taraka,38.0,67.8,66.9
153628,,Tubaran,44.4,51.7,66.4
153629,,Tugaya,45.3,68.4,68.6
153630,,Wao,25.5,73.8,45.4
153631,,Marogong,46.2,76.2,72.5
153632,,Calanogas,53.9,72.5,68.5
153633,,Buadiposo-Buntong,38.6,52.8,61.4
153634,,Maguing,29.9,58.8,64.5
153635,,Picong (Sultan Gumander),47.3,72.7,71.4
153636,,Lumbayanague,55.7,81.9,65.4
153637,,Bumbaran,37.8,62.7,53.7
153638,,Tagoloan II,59.3,60.8,78.2
153639,,Kapatagan,32.3,60.4,62.6
153640,,Sultan Dumalondong,51.4,73.0,70.9
153641,,Lumbaca-Unayan,36.0,76.5,68.7
153801,Maguindanao,Ampatuan,51.9,63.3,51.2
153802,,Buldon,53.4,65.1,60.8
153803,,Buluan,50.7,71.7,63.1
153805,,Datu Paglas,48.4,76.4,52.7
153806,,Datu Piang,52.5,68.4,57.5
153807,,Datu Odin Sinsuat (Dinaig),45.0,62.0,44.6
153808,,Shariff Aguak (Maganoy),56.9,74.5,60.2
153809,,Matanog,43.7,59.3,55.9
153810,,Pagalungan,46.7,37.5,53.0
153811,,Parang,42.0,74.0,44.9
153812,,Sultan Kudarat (Nuling),50.0,54.7,52.3
153813,,Sultan Sa Barongis (Lambayong),61.1,66.5,56.4
153814,,Kabuntalan (Tumbao),62.8,57.6,62.5
153815,,Upi,34.8,66.4,43.7
153816,,Talayan,50.9,80.3,60.0
153817,,South Upi,42.9,68.7,48.5
153818,,Barira,39.9,43.7,60.1
153819,,Gen. S. K. Pendatun,61.0,52.3,58.6
153820,,Mamasapano,55.8,73.7,59.8
153821,,Talitay,51.9,77.1,58.2
153822,,Pagagawan,53.0,76.2,59.4
153823,,Paglat,61.1,69.6,58.6
153824,,Sultan Mastura,44.4,62.8,52.0
153825,,Guindulungan,64.5,75.8,62.7
153826,,Datu Saudi-Ampatuan,43.4,83.0,59.8
153827,,Datu Unsay,47.1,70.9,57.6
153828,,Datu Abdullah Sangki,51.0,68.6,53.6
153829,,Rajah Buayan,53.9,70.5,55.4
153830,,Datu Blah T. Sinsuat,48.7,66.8,61.0
153831,,Datu Anggal Midtimbang,57.0,74.8,58.8
153832,,Mangudadatu,56.9,64.7,63.7
153833,,Pandag,66.8,70.2,61.1
153834,,Northern Kabuntalan,41.2,64.0,56.4
153835,,Datu Hoffer Ampatuan,49.1,69.0,61.7
153836,,Datu Salibo,52.5,74.2,55.2
153837,,Shariff Saydona Mustapha,51.2,66.0,52.0
156601,Sulu,Indanan,42.7,64.7,50.2
156602,,Jolo,46.1,48.4,40.7
156603,,Kalingalan Caluang,48.3,42.6,49.2
156604,,Luuk,47.9,46.3,51.9
156605,,Maimbung,51.9,56.0,51.2
156606,,Hadji Panglima Tahil (Marunggas),53.2,49.6,50.1
156607,,Old Panamao,55.9,48.3,59.7
156608,,Pangutaran,49.3,51.9,48.3
156609,,Parang,53.2,48.4,55.0
156610,,Pata,52.6,52.1,59.4
156611,,Patikul,37.0,48.0,40.2
156612,,Siasi,46.1,55.8,46.1
156613,,Talipao,59.8,42.9,58.1
156614,,Tapul,52.4,43.6,48.6
156615,,Tongkil,51.2,44.0,51.3
156616,,Panglima Estino (New Panamao),68.7,44.3,62.8
156617,,Lugus,50.1,67.2,52.9
156618,,Pandami,49.2,42.0,49.2
156619,,Omar,50.8,48.8,53.6
157001,Tawi-tawi,Panglima Sugala (Balimbing),44.9,54.0,29.4
157002,,Bongao,27.7,41.7,22.0
157003,,Mapun (Cagayan De Tawi-Tawi),35.2,30.6,27.6
157004,,Simunul,30.4,42.5,21.8
157005,,Sitangkai,31.7,23.8,28.9
157006,,South Ubian,36.4,27.9,25.3
157007,,Tandubas,35.3,27.6,26.0
157008,,Turtle Islands,28.6,30.4,35.1
157009,,Languyan,38.0,32.1,22.1
157010,,Sapa-Sapa,37.2,33.3,28.7
157011,,Sibutu,38.9,31.5,26.3